{"initial_reset_timestamp": 1639772398.7315688, "timestamps": [1639772411.183, 1639772420.692147, 1639772424.249137, 1639772427.016135, 1639772429.334635, 1639772430.685059, 1639772431.8370109, 1639772433.324909, 1639772443.8785868, 1639772446.275758], "episode_lengths": [385, 337, 395, 331, 396, 354, 291, 369, 366, 351], "episode_rewards": [282.10039579502165, 236.52912650427754, 284.43594088736523, 245.43029757135776, 269.617098720895, 260.7820034299867, 260.2576049762074, 255.57335408940557, 269.99097065768535, 271.3479720441195], "episode_types": ["t", "t", "t", "t", "t", "t", "t", "t", "t", "t", "t"]}